{"loss": 0.0568627193570137, "loss_max": 0.0568627193570137, "mnemonic_diversity_max": 0.024886351078748703, "mnemonic_diversity_mean": 0.024886351078748703, "returns": 2.0, "returns_max": 2.0, "timesteps": 171800, "updates": 16180, "_timestamp": 1729361723.228589, "_runtime": 68.21512413024902, "_step": 1717}