{"loss": 382.74639892578125, "returns": 63.900001525878906, "timesteps": 82900, "updates": 7290, "_timestamp": 1721592698.1120179, "_runtime": 56.96497988700867, "_step": 12434}